{"vegas": {"1": {"1": {"delay": 760.796, "loss": 0.0026155468102401214, "tput": 0.9943392856265313}, "all": {"delay": 760.796, "loss": 0.0026155468102401214, "tput": 0.9943392856265313}}}, "bbr": {"1": {"1": {"delay": 421.521, "loss": 0.005398357238366569, "tput": 0.9622900441177834}, "all": {"delay": 421.521, "loss": 0.005398357238366569, "tput": 0.9622900441177834}}}, "cubic": {"1": {"1": {"delay": 17453.153, "loss": 0.2334366704412556, "tput": 0.9943268713876587}, "all": {"delay": 17453.153, "loss": 0.2334366704412556, "tput": 0.9943268713876587}}}}