{"vegas": {"1": {"1": {"delay": 8.499, "loss": 7.329662523369862e-05, "tput": 46.40144197226582}, "all": {"delay": 8.499, "loss": 7.329662523369862e-05, "tput": 46.40144197226582}}}, "bbr": {"1": {"1": {"delay": 25.165, "loss": 0.00036231400264641334, "tput": 49.11401157524371}, "all": {"delay": 25.165, "loss": 0.00036231400264641334, "tput": 49.11401157524371}}}, "cubic": {"1": {"1": {"delay": 462.222, "loss": 0.0075852603919021044, "tput": 49.9653098526642}, "all": {"delay": 462.222, "loss": 0.0075852603919021044, "tput": 49.9653098526642}}}}